season,season_type,week_name,week_start,week_end,game_name,game_short,game_date,home_team,home_venue,away_team
object,object,object,"datetime64[ns, UTC]","datetime64[ns, UTC]",object,object,"datetime64[ns, UTC]",object,object,object
Preseason,1,Hall of Fame Weekend,2023-08-01 07:00:00+00:00,2023-08-09 06:59:00+00:00,New York Jets at Cleveland Browns,NYJ VS CLE,2023-08-04 00:00:00+00:00,Cleveland Browns,Cleveland Browns Stadium,New York Jets
Preseason,1,Preseason Week 1,2023-08-09 07:00:00+00:00,2023-08-16 06:59:00+00:00,Houston Texans at New England Patriots,HOU @ NE,2023-08-10 23:00:00+00:00,New England Patriots,Gillette Stadium,Houston Texans
Preseason,1,Preseason Week 1,2023-08-09 07:00:00+00:00,2023-08-16 06:59:00+00:00,Minnesota Vikings at Seattle Seahawks,MIN @ SEA,2023-08-11 02:00:00+00:00,Seattle Seahawks,Lumen Field,Minnesota Vikings
Preseason,1,Preseason Week 1,2023-08-09 07:00:00+00:00,2023-08-16 06:59:00+00:00,Green Bay Packers at Cincinnati Bengals,GB @ CIN,2023-08-11 23:00:00+00:00,Cincinnati Bengals,Paycor Stadium,Green Bay Packers
Preseason,1,Preseason Week 1,2023-08-09 07:00:00+00:00,2023-08-16 06:59:00+00:00,New York Giants at Detroit Lions,NYG @ DET,2023-08-11 23:00:00+00:00,Detroit Lions,Ford Field,New York Giants
Preseason,1,Preseason Week 1,2023-08-09 07:00:00+00:00,2023-08-16 06:59:00+00:00,Atlanta Falcons at Miami Dolphins,ATL @ MIA,2023-08-11 23:00:00+00:00,Miami Dolphins,Hard Rock Stadium,Atlanta Falcons
Preseason,1,Preseason Week 1,2023-08-09 07:00:00+00:00,2023-08-16 06:59:00+00:00,Pittsburgh Steelers at Tampa Bay Buccaneers,PIT @ TB,2023-08-11 23:00:00+00:00,Tampa Bay Buccaneers,Raymond James Stadium,Pittsburgh Steelers
Preseason,1,Preseason Week 1,2023-08-09 07:00:00+00:00,2023-08-16 06:59:00+00:00,Washington Commanders at Cleveland Browns,WSH @ CLE,2023-08-11 23:30:00+00:00,Cleveland Browns,Cleveland Browns Stadium,Washington Commanders
Preseason,1,Preseason Week 1,2023-08-09 07:00:00+00:00,2023-08-16 06:59:00+00:00,Denver Broncos at Arizona Cardinals,DEN @ ARI,2023-08-12 02:00:00+00:00,Arizona Cardinals,State Farm Stadium,Denver Broncos
Preseason,1,Preseason Week 1,2023-08-09 07:00:00+00:00,2023-08-16 06:59:00+00:00,Indianapolis Colts at Buffalo Bills,IND @ BUF,2023-08-12 17:00:00+00:00,Buffalo Bills,Highmark Stadium,Indianapolis Colts
Preseason,1,Preseason Week 1,2023-08-09 07:00:00+00:00,2023-08-16 06:59:00+00:00,Tennessee Titans at Chicago Bears,TEN @ CHI,2023-08-12 17:00:00+00:00,Chicago Bears,Soldier Field,Tennessee Titans
Preseason,1,Preseason Week 1,2023-08-09 07:00:00+00:00,2023-08-16 06:59:00+00:00,New York Jets at Carolina Panthers,NYJ @ CAR,2023-08-12 20:00:00+00:00,Carolina Panthers,Bank of America Stadium,New York Jets
Preseason,1,Preseason Week 1,2023-08-09 07:00:00+00:00,2023-08-16 06:59:00+00:00,Jacksonville Jaguars at Dallas Cowboys,JAX @ DAL,2023-08-12 21:00:00+00:00,Dallas Cowboys,AT&T Stadium,Jacksonville Jaguars
Preseason,1,Preseason Week 1,2023-08-09 07:00:00+00:00,2023-08-16 06:59:00+00:00,Philadelphia Eagles at Baltimore Ravens,PHI @ BAL,2023-08-12 23:00:00+00:00,Baltimore Ravens,M&T Bank Stadium,Philadelphia Eagles
Preseason,1,Preseason Week 1,2023-08-09 07:00:00+00:00,2023-08-16 06:59:00+00:00,Los Angeles Chargers at Los Angeles Rams,LAC @ LAR,2023-08-13 01:00:00+00:00,Los Angeles Rams,Los Angeles Memorial Coliseum,Los Angeles Chargers
Preseason,1,Preseason Week 1,2023-08-09 07:00:00+00:00,2023-08-16 06:59:00+00:00,Kansas City Chiefs at New Orleans Saints,KC @ NO,2023-08-13 17:00:00+00:00,New Orleans Saints,Caesars Superdome,Kansas City Chiefs
Preseason,1,Preseason Week 1,2023-08-09 07:00:00+00:00,2023-08-16 06:59:00+00:00,San Francisco 49ers at Las Vegas Raiders,SF @ LV,2023-08-13 20:00:00+00:00,Las Vegas Raiders,Allegiant Stadium,San Francisco 49ers
Preseason,1,Preseason Week 2,2023-08-16 07:00:00+00:00,2023-08-23 06:59:00+00:00,Cleveland Browns at Philadelphia Eagles,CLE @ PHI,2023-08-17 23:30:00+00:00,Philadelphia Eagles,Lincoln Financial Field,Cleveland Browns
Preseason,1,Preseason Week 2,2023-08-16 07:00:00+00:00,2023-08-23 06:59:00+00:00,Carolina Panthers at New York Giants,CAR @ NYG,2023-08-18 23:00:00+00:00,New York Giants,MetLife Stadium,Carolina Panthers
Preseason,1,Preseason Week 2,2023-08-16 07:00:00+00:00,2023-08-23 06:59:00+00:00,Cincinnati Bengals at Atlanta Falcons,CIN @ ATL,2023-08-18 23:30:00+00:00,Atlanta Falcons,Mercedes-Benz Stadium,Cincinnati Bengals
Preseason,1,Preseason Week 2,2023-08-16 07:00:00+00:00,2023-08-23 06:59:00+00:00,Jacksonville Jaguars at Detroit Lions,JAX @ DET,2023-08-19 17:00:00+00:00,Detroit Lions,Ford Field,Jacksonville Jaguars
Preseason,1,Preseason Week 2,2023-08-16 07:00:00+00:00,2023-08-23 06:59:00+00:00,Miami Dolphins at Houston Texans,MIA @ HOU,2023-08-19 20:00:00+00:00,Houston Texans,NRG Stadium,Miami Dolphins
Preseason,1,Preseason Week 2,2023-08-16 07:00:00+00:00,2023-08-23 06:59:00+00:00,Buffalo Bills at Pittsburgh Steelers,BUF @ PIT,2023-08-19 22:30:00+00:00,Pittsburgh Steelers,Acrisure Stadium,Buffalo Bills
Preseason,1,Preseason Week 2,2023-08-16 07:00:00+00:00,2023-08-23 06:59:00+00:00,Chicago Bears at Indianapolis Colts,CHI @ IND,2023-08-19 23:00:00+00:00,Indianapolis Colts,Lucas Oil Stadium,Chicago Bears
Preseason,1,Preseason Week 2,2023-08-16 07:00:00+00:00,2023-08-23 06:59:00+00:00,Tampa Bay Buccaneers at New York Jets,TB @ NYJ,2023-08-19 23:30:00+00:00,New York Jets,MetLife Stadium,Tampa Bay Buccaneers
Preseason,1,Preseason Week 2,2023-08-16 07:00:00+00:00,2023-08-23 06:59:00+00:00,New England Patriots at Green Bay Packers,NE @ GB,2023-08-20 00:00:00+00:00,Green Bay Packers,Lambeau Field,New England Patriots
Preseason,1,Preseason Week 2,2023-08-16 07:00:00+00:00,2023-08-23 06:59:00+00:00,Tennessee Titans at Minnesota Vikings,TEN @ MIN,2023-08-20 00:00:00+00:00,Minnesota Vikings,U.S. Bank Stadium,Tennessee Titans
Preseason,1,Preseason Week 2,2023-08-16 07:00:00+00:00,2023-08-23 06:59:00+00:00,Kansas City Chiefs at Arizona Cardinals,KC @ ARI,2023-08-20 00:00:00+00:00,Arizona Cardinals,State Farm Stadium,Kansas City Chiefs
Preseason,1,Preseason Week 2,2023-08-16 07:00:00+00:00,2023-08-23 06:59:00+00:00,Denver Broncos at San Francisco 49ers,DEN @ SF,2023-08-20 00:30:00+00:00,San Francisco 49ers,Levi's Stadium,Denver Broncos
Preseason,1,Preseason Week 2,2023-08-16 07:00:00+00:00,2023-08-23 06:59:00+00:00,Las Vegas Raiders at Los Angeles Rams,LV @ LAR,2023-08-20 01:00:00+00:00,Los Angeles Rams,Los Angeles Memorial Coliseum,Las Vegas Raiders
Preseason,1,Preseason Week 2,2023-08-16 07:00:00+00:00,2023-08-23 06:59:00+00:00,Dallas Cowboys at Seattle Seahawks,DAL @ SEA,2023-08-20 02:00:00+00:00,Seattle Seahawks,Lumen Field,Dallas Cowboys
Preseason,1,Preseason Week 2,2023-08-16 07:00:00+00:00,2023-08-23 06:59:00+00:00,New Orleans Saints at Los Angeles Chargers,NO @ LAC,2023-08-20 23:05:00+00:00,Los Angeles Chargers,Dignity Health Sports Park,New Orleans Saints
Preseason,1,Preseason Week 2,2023-08-16 07:00:00+00:00,2023-08-23 06:59:00+00:00,Baltimore Ravens at Washington Commanders,BAL @ WSH,2023-08-22 00:00:00+00:00,Washington Commanders,FedExField,Baltimore Ravens
Preseason,1,Preseason Week 3,2023-08-23 07:00:00+00:00,2023-09-07 06:59:00+00:00,Pittsburgh Steelers at Atlanta Falcons,PIT @ ATL,2023-08-24 23:30:00+00:00,Atlanta Falcons,Mercedes-Benz Stadium,Pittsburgh Steelers
Preseason,1,Preseason Week 3,2023-08-23 07:00:00+00:00,2023-09-07 06:59:00+00:00,Indianapolis Colts at Philadelphia Eagles,IND @ PHI,2023-08-25 00:00:00+00:00,Philadelphia Eagles,Lincoln Financial Field,Indianapolis Colts
Preseason,1,Preseason Week 3,2023-08-23 07:00:00+00:00,2023-09-07 06:59:00+00:00,Detroit Lions at Carolina Panthers,DET @ CAR,2023-08-26 00:00:00+00:00,Carolina Panthers,Bank of America Stadium,Detroit Lions
Preseason,1,Preseason Week 3,2023-08-23 07:00:00+00:00,2023-09-07 06:59:00+00:00,New England Patriots at Tennessee Titans,NE @ TEN,2023-08-26 00:15:00+00:00,Tennessee Titans,Nissan Stadium,New England Patriots
Preseason,1,Preseason Week 3,2023-08-23 07:00:00+00:00,2023-09-07 06:59:00+00:00,Los Angeles Chargers at San Francisco 49ers,LAC @ SF,2023-08-26 02:00:00+00:00,San Francisco 49ers,Levi's Stadium,Los Angeles Chargers
Preseason,1,Preseason Week 3,2023-08-23 07:00:00+00:00,2023-09-07 06:59:00+00:00,Buffalo Bills at Chicago Bears,BUF @ CHI,2023-08-26 17:00:00+00:00,Chicago Bears,Soldier Field,Buffalo Bills
Preseason,1,Preseason Week 3,2023-08-23 07:00:00+00:00,2023-09-07 06:59:00+00:00,Seattle Seahawks at Green Bay Packers,SEA @ GB,2023-08-26 17:00:00+00:00,Green Bay Packers,Lambeau Field,Seattle Seahawks
Preseason,1,Preseason Week 3,2023-08-23 07:00:00+00:00,2023-09-07 06:59:00+00:00,Cleveland Browns at Kansas City Chiefs,CLE @ KC,2023-08-26 17:00:00+00:00,Kansas City Chiefs,GEHA Field at Arrowhead Stadium,Cleveland Browns
Preseason,1,Preseason Week 3,2023-08-23 07:00:00+00:00,2023-09-07 06:59:00+00:00,Arizona Cardinals at Minnesota Vikings,ARI @ MIN,2023-08-26 17:00:00+00:00,Minnesota Vikings,U.S. Bank Stadium,Arizona Cardinals
Preseason,1,Preseason Week 3,2023-08-23 07:00:00+00:00,2023-09-07 06:59:00+00:00,New York Jets at New York Giants,NYJ @ NYG,2023-08-26 22:00:00+00:00,New York Giants,MetLife Stadium,New York Jets
Preseason,1,Preseason Week 3,2023-08-23 07:00:00+00:00,2023-09-07 06:59:00+00:00,Cincinnati Bengals at Washington Commanders,CIN @ WSH,2023-08-26 22:05:00+00:00,Washington Commanders,FedExField,Cincinnati Bengals
Preseason,1,Preseason Week 3,2023-08-23 07:00:00+00:00,2023-09-07 06:59:00+00:00,Baltimore Ravens at Tampa Bay Buccaneers,BAL @ TB,2023-08-26 23:00:00+00:00,Tampa Bay Buccaneers,Raymond James Stadium,Baltimore Ravens
Preseason,1,Preseason Week 3,2023-08-23 07:00:00+00:00,2023-09-07 06:59:00+00:00,Miami Dolphins at Jacksonville Jaguars,MIA @ JAX,2023-08-26 23:00:00+00:00,Jacksonville Jaguars,EverBank Stadium,Miami Dolphins
Preseason,1,Preseason Week 3,2023-08-23 07:00:00+00:00,2023-09-07 06:59:00+00:00,Las Vegas Raiders at Dallas Cowboys,LV @ DAL,2023-08-27 00:00:00+00:00,Dallas Cowboys,AT&T Stadium,Las Vegas Raiders
Preseason,1,Preseason Week 3,2023-08-23 07:00:00+00:00,2023-09-07 06:59:00+00:00,Los Angeles Rams at Denver Broncos,LAR @ DEN,2023-08-27 01:00:00+00:00,Denver Broncos,Empower Field at Mile High,Los Angeles Rams
Preseason,1,Preseason Week 3,2023-08-23 07:00:00+00:00,2023-09-07 06:59:00+00:00,Houston Texans at New Orleans Saints,HOU @ NO,2023-08-28 00:00:00+00:00,New Orleans Saints,Caesars Superdome,Houston Texans
Regular Season,2,Week 1,2023-09-07 07:00:00+00:00,2023-09-13 06:59:00+00:00,Detroit Lions at Kansas City Chiefs,DET @ KC,2023-09-08 00:20:00+00:00,Kansas City Chiefs,GEHA Field at Arrowhead Stadium,Detroit Lions
Regular Season,2,Week 1,2023-09-07 07:00:00+00:00,2023-09-13 06:59:00+00:00,Carolina Panthers at Atlanta Falcons,CAR @ ATL,2023-09-10 17:00:00+00:00,Atlanta Falcons,Mercedes-Benz Stadium,Carolina Panthers
Regular Season,2,Week 1,2023-09-07 07:00:00+00:00,2023-09-13 06:59:00+00:00,Cincinnati Bengals at Cleveland Browns,CIN @ CLE,2023-09-10 17:00:00+00:00,Cleveland Browns,Cleveland Browns Stadium,Cincinnati Bengals
Regular Season,2,Week 1,2023-09-07 07:00:00+00:00,2023-09-13 06:59:00+00:00,Jacksonville Jaguars at Indianapolis Colts,JAX @ IND,2023-09-10 17:00:00+00:00,Indianapolis Colts,Lucas Oil Stadium,Jacksonville Jaguars
Regular Season,2,Week 1,2023-09-07 07:00:00+00:00,2023-09-13 06:59:00+00:00,Tampa Bay Buccaneers at Minnesota Vikings,TB @ MIN,2023-09-10 17:00:00+00:00,Minnesota Vikings,U.S. Bank Stadium,Tampa Bay Buccaneers
Regular Season,2,Week 1,2023-09-07 07:00:00+00:00,2023-09-13 06:59:00+00:00,Tennessee Titans at New Orleans Saints,TEN @ NO,2023-09-10 17:00:00+00:00,New Orleans Saints,Caesars Superdome,Tennessee Titans
Regular Season,2,Week 1,2023-09-07 07:00:00+00:00,2023-09-13 06:59:00+00:00,San Francisco 49ers at Pittsburgh Steelers,SF @ PIT,2023-09-10 17:00:00+00:00,Pittsburgh Steelers,Acrisure Stadium,San Francisco 49ers
Regular Season,2,Week 1,2023-09-07 07:00:00+00:00,2023-09-13 06:59:00+00:00,Arizona Cardinals at Washington Commanders,ARI @ WSH,2023-09-10 17:00:00+00:00,Washington Commanders,FedExField,Arizona Cardinals
Regular Season,2,Week 1,2023-09-07 07:00:00+00:00,2023-09-13 06:59:00+00:00,Houston Texans at Baltimore Ravens,HOU @ BAL,2023-09-10 17:00:00+00:00,Baltimore Ravens,M&T Bank Stadium,Houston Texans
Regular Season,2,Week 1,2023-09-07 07:00:00+00:00,2023-09-13 06:59:00+00:00,Green Bay Packers at Chicago Bears,GB @ CHI,2023-09-10 20:25:00+00:00,Chicago Bears,Soldier Field,Green Bay Packers
Regular Season,2,Week 1,2023-09-07 07:00:00+00:00,2023-09-13 06:59:00+00:00,Las Vegas Raiders at Denver Broncos,LV @ DEN,2023-09-10 20:25:00+00:00,Denver Broncos,Empower Field at Mile High,Las Vegas Raiders
Regular Season,2,Week 1,2023-09-07 07:00:00+00:00,2023-09-13 06:59:00+00:00,Philadelphia Eagles at New England Patriots,PHI @ NE,2023-09-10 20:25:00+00:00,New England Patriots,Gillette Stadium,Philadelphia Eagles
Regular Season,2,Week 1,2023-09-07 07:00:00+00:00,2023-09-13 06:59:00+00:00,Miami Dolphins at Los Angeles Chargers,MIA @ LAC,2023-09-10 20:25:00+00:00,Los Angeles Chargers,Dignity Health Sports Park,Miami Dolphins
Regular Season,2,Week 1,2023-09-07 07:00:00+00:00,2023-09-13 06:59:00+00:00,Los Angeles Rams at Seattle Seahawks,LAR @ SEA,2023-09-10 20:25:00+00:00,Seattle Seahawks,Lumen Field,Los Angeles Rams
Regular Season,2,Week 1,2023-09-07 07:00:00+00:00,2023-09-13 06:59:00+00:00,Dallas Cowboys at New York Giants,DAL @ NYG,2023-09-11 00:20:00+00:00,New York Giants,MetLife Stadium,Dallas Cowboys
Regular Season,2,Week 1,2023-09-07 07:00:00+00:00,2023-09-13 06:59:00+00:00,Buffalo Bills at New York Jets,BUF @ NYJ,2023-09-12 00:15:00+00:00,New York Jets,MetLife Stadium,Buffalo Bills
Regular Season,2,Week 2,2023-09-13 07:00:00+00:00,2023-09-20 06:59:00+00:00,Minnesota Vikings at Philadelphia Eagles,MIN @ PHI,2023-09-15 00:15:00+00:00,Philadelphia Eagles,Lincoln Financial Field,Minnesota Vikings
Regular Season,2,Week 2,2023-09-13 07:00:00+00:00,2023-09-20 06:59:00+00:00,Green Bay Packers at Atlanta Falcons,GB @ ATL,2023-09-17 17:00:00+00:00,Atlanta Falcons,Mercedes-Benz Stadium,Green Bay Packers
Regular Season,2,Week 2,2023-09-13 07:00:00+00:00,2023-09-20 06:59:00+00:00,Las Vegas Raiders at Buffalo Bills,LV @ BUF,2023-09-17 17:00:00+00:00,Buffalo Bills,Highmark Stadium,Las Vegas Raiders
Regular Season,2,Week 2,2023-09-13 07:00:00+00:00,2023-09-20 06:59:00+00:00,Baltimore Ravens at Cincinnati Bengals,BAL @ CIN,2023-09-17 17:00:00+00:00,Cincinnati Bengals,Paycor Stadium,Baltimore Ravens
Regular Season,2,Week 2,2023-09-13 07:00:00+00:00,2023-09-20 06:59:00+00:00,Seattle Seahawks at Detroit Lions,SEA @ DET,2023-09-17 17:00:00+00:00,Detroit Lions,Ford Field,Seattle Seahawks
Regular Season,2,Week 2,2023-09-13 07:00:00+00:00,2023-09-20 06:59:00+00:00,Los Angeles Chargers at Tennessee Titans,LAC @ TEN,2023-09-17 17:00:00+00:00,Tennessee Titans,Nissan Stadium,Los Angeles Chargers
Regular Season,2,Week 2,2023-09-13 07:00:00+00:00,2023-09-20 06:59:00+00:00,Chicago Bears at Tampa Bay Buccaneers,CHI @ TB,2023-09-17 17:00:00+00:00,Tampa Bay Buccaneers,Raymond James Stadium,Chicago Bears
Regular Season,2,Week 2,2023-09-13 07:00:00+00:00,2023-09-20 06:59:00+00:00,Kansas City Chiefs at Jacksonville Jaguars,KC @ JAX,2023-09-17 17:00:00+00:00,Jacksonville Jaguars,EverBank Stadium,Kansas City Chiefs
Regular Season,2,Week 2,2023-09-13 07:00:00+00:00,2023-09-20 06:59:00+00:00,Indianapolis Colts at Houston Texans,IND @ HOU,2023-09-17 17:00:00+00:00,Houston Texans,NRG Stadium,Indianapolis Colts
Regular Season,2,Week 2,2023-09-13 07:00:00+00:00,2023-09-20 06:59:00+00:00,San Francisco 49ers at Los Angeles Rams,SF @ LAR,2023-09-17 20:05:00+00:00,Los Angeles Rams,Los Angeles Memorial Coliseum,San Francisco 49ers
Regular Season,2,Week 2,2023-09-13 07:00:00+00:00,2023-09-20 06:59:00+00:00,New York Giants at Arizona Cardinals,NYG @ ARI,2023-09-17 20:05:00+00:00,Arizona Cardinals,State Farm Stadium,New York Giants
Regular Season,2,Week 2,2023-09-13 07:00:00+00:00,2023-09-20 06:59:00+00:00,New York Jets at Dallas Cowboys,NYJ @ DAL,2023-09-17 20:25:00+00:00,Dallas Cowboys,AT&T Stadium,New York Jets
Regular Season,2,Week 2,2023-09-13 07:00:00+00:00,2023-09-20 06:59:00+00:00,Washington Commanders at Denver Broncos,WSH @ DEN,2023-09-17 20:25:00+00:00,Denver Broncos,Empower Field at Mile High,Washington Commanders
Regular Season,2,Week 2,2023-09-13 07:00:00+00:00,2023-09-20 06:59:00+00:00,Miami Dolphins at New England Patriots,MIA @ NE,2023-09-18 00:20:00+00:00,New England Patriots,Gillette Stadium,Miami Dolphins
Regular Season,2,Week 2,2023-09-13 07:00:00+00:00,2023-09-20 06:59:00+00:00,New Orleans Saints at Carolina Panthers,NO @ CAR,2023-09-18 23:15:00+00:00,Carolina Panthers,Bank of America Stadium,New Orleans Saints
Regular Season,2,Week 2,2023-09-13 07:00:00+00:00,2023-09-20 06:59:00+00:00,Cleveland Browns at Pittsburgh Steelers,CLE @ PIT,2023-09-19 00:15:00+00:00,Pittsburgh Steelers,Acrisure Stadium,Cleveland Browns
Regular Season,2,Week 3,2023-09-20 07:00:00+00:00,2023-09-27 06:59:00+00:00,New York Giants at San Francisco 49ers,NYG @ SF,2023-09-22 00:15:00+00:00,San Francisco 49ers,Levi's Stadium,New York Giants
Regular Season,2,Week 3,2023-09-20 07:00:00+00:00,2023-09-27 06:59:00+00:00,Tennessee Titans at Cleveland Browns,TEN @ CLE,2023-09-24 17:00:00+00:00,Cleveland Browns,Cleveland Browns Stadium,Tennessee Titans
Regular Season,2,Week 3,2023-09-20 07:00:00+00:00,2023-09-27 06:59:00+00:00,Atlanta Falcons at Detroit Lions,ATL @ DET,2023-09-24 17:00:00+00:00,Detroit Lions,Ford Field,Atlanta Falcons
Regular Season,2,Week 3,2023-09-20 07:00:00+00:00,2023-09-27 06:59:00+00:00,New Orleans Saints at Green Bay Packers,NO @ GB,2023-09-24 17:00:00+00:00,Green Bay Packers,Lambeau Field,New Orleans Saints
Regular Season,2,Week 3,2023-09-20 07:00:00+00:00,2023-09-27 06:59:00+00:00,Denver Broncos at Miami Dolphins,DEN @ MIA,2023-09-24 17:00:00+00:00,Miami Dolphins,Hard Rock Stadium,Denver Broncos
Regular Season,2,Week 3,2023-09-20 07:00:00+00:00,2023-09-27 06:59:00+00:00,Los Angeles Chargers at Minnesota Vikings,LAC @ MIN,2023-09-24 17:00:00+00:00,Minnesota Vikings,U.S. Bank Stadium,Los Angeles Chargers
Regular Season,2,Week 3,2023-09-20 07:00:00+00:00,2023-09-27 06:59:00+00:00,New England Patriots at New York Jets,NE @ NYJ,2023-09-24 17:00:00+00:00,New York Jets,MetLife Stadium,New England Patriots
Regular Season,2,Week 3,2023-09-20 07:00:00+00:00,2023-09-27 06:59:00+00:00,Buffalo Bills at Washington Commanders,BUF @ WSH,2023-09-24 17:00:00+00:00,Washington Commanders,FedExField,Buffalo Bills
Regular Season,2,Week 3,2023-09-20 07:00:00+00:00,2023-09-27 06:59:00+00:00,Houston Texans at Jacksonville Jaguars,HOU @ JAX,2023-09-24 17:00:00+00:00,Jacksonville Jaguars,EverBank Stadium,Houston Texans
Regular Season,2,Week 3,2023-09-20 07:00:00+00:00,2023-09-27 06:59:00+00:00,Indianapolis Colts at Baltimore Ravens,IND @ BAL,2023-09-24 17:00:00+00:00,Baltimore Ravens,M&T Bank Stadium,Indianapolis Colts
Regular Season,2,Week 3,2023-09-20 07:00:00+00:00,2023-09-27 06:59:00+00:00,Carolina Panthers at Seattle Seahawks,CAR @ SEA,2023-09-24 20:05:00+00:00,Seattle Seahawks,Lumen Field,Carolina Panthers
Regular Season,2,Week 3,2023-09-20 07:00:00+00:00,2023-09-27 06:59:00+00:00,Chicago Bears at Kansas City Chiefs,CHI @ KC,2023-09-24 20:25:00+00:00,Kansas City Chiefs,GEHA Field at Arrowhead Stadium,Chicago Bears
Regular Season,2,Week 3,2023-09-20 07:00:00+00:00,2023-09-27 06:59:00+00:00,Dallas Cowboys at Arizona Cardinals,DAL @ ARI,2023-09-24 20:25:00+00:00,Arizona Cardinals,State Farm Stadium,Dallas Cowboys
Regular Season,2,Week 3,2023-09-20 07:00:00+00:00,2023-09-27 06:59:00+00:00,Pittsburgh Steelers at Las Vegas Raiders,PIT @ LV,2023-09-25 00:20:00+00:00,Las Vegas Raiders,Allegiant Stadium,Pittsburgh Steelers
Regular Season,2,Week 3,2023-09-20 07:00:00+00:00,2023-09-27 06:59:00+00:00,Philadelphia Eagles at Tampa Bay Buccaneers,PHI @ TB,2023-09-25 23:15:00+00:00,Tampa Bay Buccaneers,Raymond James Stadium,Philadelphia Eagles
Regular Season,2,Week 3,2023-09-20 07:00:00+00:00,2023-09-27 06:59:00+00:00,Los Angeles Rams at Cincinnati Bengals,LAR @ CIN,2023-09-26 00:15:00+00:00,Cincinnati Bengals,Paycor Stadium,Los Angeles Rams
Regular Season,2,Week 4,2023-09-27 07:00:00+00:00,2023-10-04 06:59:00+00:00,Detroit Lions at Green Bay Packers,DET @ GB,2023-09-29 00:15:00+00:00,Green Bay Packers,Lambeau Field,Detroit Lions
Regular Season,2,Week 4,2023-09-27 07:00:00+00:00,2023-10-04 06:59:00+00:00,Atlanta Falcons at Jacksonville Jaguars,ATL VS JAX,2023-10-01 13:30:00+00:00,Jacksonville Jaguars,EverBank Stadium,Atlanta Falcons
Regular Season,2,Week 4,2023-09-27 07:00:00+00:00,2023-10-04 06:59:00+00:00,Miami Dolphins at Buffalo Bills,MIA @ BUF,2023-10-01 17:00:00+00:00,Buffalo Bills,Highmark Stadium,Miami Dolphins
Regular Season,2,Week 4,2023-09-27 07:00:00+00:00,2023-10-04 06:59:00+00:00,Denver Broncos at Chicago Bears,DEN @ CHI,2023-10-01 17:00:00+00:00,Chicago Bears,Soldier Field,Denver Broncos
Regular Season,2,Week 4,2023-09-27 07:00:00+00:00,2023-10-04 06:59:00+00:00,Baltimore Ravens at Cleveland Browns,BAL @ CLE,2023-10-01 17:00:00+00:00,Cleveland Browns,Cleveland Browns Stadium,Baltimore Ravens
Regular Season,2,Week 4,2023-09-27 07:00:00+00:00,2023-10-04 06:59:00+00:00,Cincinnati Bengals at Tennessee Titans,CIN @ TEN,2023-10-01 17:00:00+00:00,Tennessee Titans,Nissan Stadium,Cincinnati Bengals
Regular Season,2,Week 4,2023-09-27 07:00:00+00:00,2023-10-04 06:59:00+00:00,Los Angeles Rams at Indianapolis Colts,LAR @ IND,2023-10-01 17:00:00+00:00,Indianapolis Colts,Lucas Oil Stadium,Los Angeles Rams
Regular Season,2,Week 4,2023-09-27 07:00:00+00:00,2023-10-04 06:59:00+00:00,Tampa Bay Buccaneers at New Orleans Saints,TB @ NO,2023-10-01 17:00:00+00:00,New Orleans Saints,Caesars Superdome,Tampa Bay Buccaneers
Regular Season,2,Week 4,2023-09-27 07:00:00+00:00,2023-10-04 06:59:00+00:00,Washington Commanders at Philadelphia Eagles,WSH @ PHI,2023-10-01 17:00:00+00:00,Philadelphia Eagles,Lincoln Financial Field,Washington Commanders
Regular Season,2,Week 4,2023-09-27 07:00:00+00:00,2023-10-04 06:59:00+00:00,Minnesota Vikings at Carolina Panthers,MIN @ CAR,2023-10-01 17:00:00+00:00,Carolina Panthers,Bank of America Stadium,Minnesota Vikings
Regular Season,2,Week 4,2023-09-27 07:00:00+00:00,2023-10-04 06:59:00+00:00,Pittsburgh Steelers at Houston Texans,PIT @ HOU,2023-10-01 17:00:00+00:00,Houston Texans,NRG Stadium,Pittsburgh Steelers
Regular Season,2,Week 4,2023-09-27 07:00:00+00:00,2023-10-04 06:59:00+00:00,Las Vegas Raiders at Los Angeles Chargers,LV @ LAC,2023-10-01 20:05:00+00:00,Los Angeles Chargers,Dignity Health Sports Park,Las Vegas Raiders
Regular Season,2,Week 4,2023-09-27 07:00:00+00:00,2023-10-04 06:59:00+00:00,New England Patriots at Dallas Cowboys,NE @ DAL,2023-10-01 20:25:00+00:00,Dallas Cowboys,AT&T Stadium,New England Patriots
Regular Season,2,Week 4,2023-09-27 07:00:00+00:00,2023-10-04 06:59:00+00:00,Arizona Cardinals at San Francisco 49ers,ARI @ SF,2023-10-01 20:25:00+00:00,San Francisco 49ers,Levi's Stadium,Arizona Cardinals
Regular Season,2,Week 4,2023-09-27 07:00:00+00:00,2023-10-04 06:59:00+00:00,Kansas City Chiefs at New York Jets,KC @ NYJ,2023-10-02 00:20:00+00:00,New York Jets,MetLife Stadium,Kansas City Chiefs
Regular Season,2,Week 4,2023-09-27 07:00:00+00:00,2023-10-04 06:59:00+00:00,Seattle Seahawks at New York Giants,SEA @ NYG,2023-10-03 00:15:00+00:00,New York Giants,MetLife Stadium,Seattle Seahawks
Regular Season,2,Week 5,2023-10-04 07:00:00+00:00,2023-10-11 06:59:00+00:00,Chicago Bears at Washington Commanders,CHI @ WSH,2023-10-06 00:15:00+00:00,Washington Commanders,FedExField,Chicago Bears
Regular Season,2,Week 5,2023-10-04 07:00:00+00:00,2023-10-11 06:59:00+00:00,Jacksonville Jaguars at Buffalo Bills,JAX VS BUF,2023-10-08 13:30:00+00:00,Buffalo Bills,Highmark Stadium,Jacksonville Jaguars
Regular Season,2,Week 5,2023-10-04 07:00:00+00:00,2023-10-11 06:59:00+00:00,Houston Texans at Atlanta Falcons,HOU @ ATL,2023-10-08 17:00:00+00:00,Atlanta Falcons,Mercedes-Benz Stadium,Houston Texans
Regular Season,2,Week 5,2023-10-04 07:00:00+00:00,2023-10-11 06:59:00+00:00,Carolina Panthers at Detroit Lions,CAR @ DET,2023-10-08 17:00:00+00:00,Detroit Lions,Ford Field,Carolina Panthers
Regular Season,2,Week 5,2023-10-04 07:00:00+00:00,2023-10-11 06:59:00+00:00,Tennessee Titans at Indianapolis Colts,TEN @ IND,2023-10-08 17:00:00+00:00,Indianapolis Colts,Lucas Oil Stadium,Tennessee Titans
Regular Season,2,Week 5,2023-10-04 07:00:00+00:00,2023-10-11 06:59:00+00:00,New York Giants at Miami Dolphins,NYG @ MIA,2023-10-08 17:00:00+00:00,Miami Dolphins,Hard Rock Stadium,New York Giants
Regular Season,2,Week 5,2023-10-04 07:00:00+00:00,2023-10-11 06:59:00+00:00,New Orleans Saints at New England Patriots,NO @ NE,2023-10-08 17:00:00+00:00,New England Patriots,Gillette Stadium,New Orleans Saints
Regular Season,2,Week 5,2023-10-04 07:00:00+00:00,2023-10-11 06:59:00+00:00,Baltimore Ravens at Pittsburgh Steelers,BAL @ PIT,2023-10-08 17:00:00+00:00,Pittsburgh Steelers,Acrisure Stadium,Baltimore Ravens
Regular Season,2,Week 5,2023-10-04 07:00:00+00:00,2023-10-11 06:59:00+00:00,Philadelphia Eagles at Los Angeles Rams,PHI @ LAR,2023-10-08 20:05:00+00:00,Los Angeles Rams,Los Angeles Memorial Coliseum,Philadelphia Eagles
Regular Season,2,Week 5,2023-10-04 07:00:00+00:00,2023-10-11 06:59:00+00:00,Cincinnati Bengals at Arizona Cardinals,CIN @ ARI,2023-10-08 20:05:00+00:00,Arizona Cardinals,State Farm Stadium,Cincinnati Bengals
Regular Season,2,Week 5,2023-10-04 07:00:00+00:00,2023-10-11 06:59:00+00:00,New York Jets at Denver Broncos,NYJ @ DEN,2023-10-08 20:25:00+00:00,Denver Broncos,Empower Field at Mile High,New York Jets
Regular Season,2,Week 5,2023-10-04 07:00:00+00:00,2023-10-11 06:59:00+00:00,Kansas City Chiefs at Minnesota Vikings,KC @ MIN,2023-10-08 20:25:00+00:00,Minnesota Vikings,U.S. Bank Stadium,Kansas City Chiefs
Regular Season,2,Week 5,2023-10-04 07:00:00+00:00,2023-10-11 06:59:00+00:00,Dallas Cowboys at San Francisco 49ers,DAL @ SF,2023-10-09 00:20:00+00:00,San Francisco 49ers,Levi's Stadium,Dallas Cowboys
Regular Season,2,Week 5,2023-10-04 07:00:00+00:00,2023-10-11 06:59:00+00:00,Green Bay Packers at Las Vegas Raiders,GB @ LV,2023-10-10 00:15:00+00:00,Las Vegas Raiders,Allegiant Stadium,Green Bay Packers
Regular Season,2,Week 6,2023-10-11 07:00:00+00:00,2023-10-18 06:59:00+00:00,Denver Broncos at Kansas City Chiefs,DEN @ KC,2023-10-13 00:15:00+00:00,Kansas City Chiefs,GEHA Field at Arrowhead Stadium,Denver Broncos
Regular Season,2,Week 6,2023-10-11 07:00:00+00:00,2023-10-18 06:59:00+00:00,Baltimore Ravens at Tennessee Titans,BAL VS TEN,2023-10-15 13:30:00+00:00,Tennessee Titans,Nissan Stadium,Baltimore Ravens
Regular Season,2,Week 6,2023-10-11 07:00:00+00:00,2023-10-18 06:59:00+00:00,Washington Commanders at Atlanta Falcons,WSH @ ATL,2023-10-15 17:00:00+00:00,Atlanta Falcons,Mercedes-Benz Stadium,Washington Commanders
Regular Season,2,Week 6,2023-10-11 07:00:00+00:00,2023-10-18 06:59:00+00:00,Minnesota Vikings at Chicago Bears,MIN @ CHI,2023-10-15 17:00:00+00:00,Chicago Bears,Soldier Field,Minnesota Vikings
Regular Season,2,Week 6,2023-10-11 07:00:00+00:00,2023-10-18 06:59:00+00:00,Seattle Seahawks at Cincinnati Bengals,SEA @ CIN,2023-10-15 17:00:00+00:00,Cincinnati Bengals,Paycor Stadium,Seattle Seahawks
Regular Season,2,Week 6,2023-10-11 07:00:00+00:00,2023-10-18 06:59:00+00:00,San Francisco 49ers at Cleveland Browns,SF @ CLE,2023-10-15 17:00:00+00:00,Cleveland Browns,Cleveland Browns Stadium,San Francisco 49ers
Regular Season,2,Week 6,2023-10-11 07:00:00+00:00,2023-10-18 06:59:00+00:00,Carolina Panthers at Miami Dolphins,CAR @ MIA,2023-10-15 17:00:00+00:00,Miami Dolphins,Hard Rock Stadium,Carolina Panthers
Regular Season,2,Week 6,2023-10-11 07:00:00+00:00,2023-10-18 06:59:00+00:00,Indianapolis Colts at Jacksonville Jaguars,IND @ JAX,2023-10-15 17:00:00+00:00,Jacksonville Jaguars,EverBank Stadium,Indianapolis Colts
Regular Season,2,Week 6,2023-10-11 07:00:00+00:00,2023-10-18 06:59:00+00:00,New Orleans Saints at Houston Texans,NO @ HOU,2023-10-15 17:00:00+00:00,Houston Texans,NRG Stadium,New Orleans Saints
Regular Season,2,Week 6,2023-10-11 07:00:00+00:00,2023-10-18 06:59:00+00:00,New England Patriots at Las Vegas Raiders,NE @ LV,2023-10-15 20:05:00+00:00,Las Vegas Raiders,Allegiant Stadium,New England Patriots
Regular Season,2,Week 6,2023-10-11 07:00:00+00:00,2023-10-18 06:59:00+00:00,Arizona Cardinals at Los Angeles Rams,ARI @ LAR,2023-10-15 20:25:00+00:00,Los Angeles Rams,Los Angeles Memorial Coliseum,Arizona Cardinals
Regular Season,2,Week 6,2023-10-11 07:00:00+00:00,2023-10-18 06:59:00+00:00,Philadelphia Eagles at New York Jets,PHI @ NYJ,2023-10-15 20:25:00+00:00,New York Jets,MetLife Stadium,Philadelphia Eagles
Regular Season,2,Week 6,2023-10-11 07:00:00+00:00,2023-10-18 06:59:00+00:00,Detroit Lions at Tampa Bay Buccaneers,DET @ TB,2023-10-15 20:25:00+00:00,Tampa Bay Buccaneers,Raymond James Stadium,Detroit Lions
Regular Season,2,Week 6,2023-10-11 07:00:00+00:00,2023-10-18 06:59:00+00:00,New York Giants at Buffalo Bills,NYG @ BUF,2023-10-16 00:20:00+00:00,Buffalo Bills,Highmark Stadium,New York Giants
Regular Season,2,Week 6,2023-10-11 07:00:00+00:00,2023-10-18 06:59:00+00:00,Dallas Cowboys at Los Angeles Chargers,DAL @ LAC,2023-10-17 00:15:00+00:00,Los Angeles Chargers,Dignity Health Sports Park,Dallas Cowboys
Regular Season,2,Week 7,2023-10-18 07:00:00+00:00,2023-10-25 06:59:00+00:00,Jacksonville Jaguars at New Orleans Saints,JAX @ NO,2023-10-20 00:15:00+00:00,New Orleans Saints,Caesars Superdome,Jacksonville Jaguars
Regular Season,2,Week 7,2023-10-18 07:00:00+00:00,2023-10-25 06:59:00+00:00,Las Vegas Raiders at Chicago Bears,LV @ CHI,2023-10-22 17:00:00+00:00,Chicago Bears,Soldier Field,Las Vegas Raiders
Regular Season,2,Week 7,2023-10-18 07:00:00+00:00,2023-10-25 06:59:00+00:00,Cleveland Browns at Indianapolis Colts,CLE @ IND,2023-10-22 17:00:00+00:00,Indianapolis Colts,Lucas Oil Stadium,Cleveland Browns
Regular Season,2,Week 7,2023-10-18 07:00:00+00:00,2023-10-25 06:59:00+00:00,Buffalo Bills at New England Patriots,BUF @ NE,2023-10-22 17:00:00+00:00,New England Patriots,Gillette Stadium,Buffalo Bills
Regular Season,2,Week 7,2023-10-18 07:00:00+00:00,2023-10-25 06:59:00+00:00,Washington Commanders at New York Giants,WSH @ NYG,2023-10-22 17:00:00+00:00,New York Giants,MetLife Stadium,Washington Commanders
Regular Season,2,Week 7,2023-10-18 07:00:00+00:00,2023-10-25 06:59:00+00:00,Atlanta Falcons at Tampa Bay Buccaneers,ATL @ TB,2023-10-22 17:00:00+00:00,Tampa Bay Buccaneers,Raymond James Stadium,Atlanta Falcons
Regular Season,2,Week 7,2023-10-18 07:00:00+00:00,2023-10-25 06:59:00+00:00,Detroit Lions at Baltimore Ravens,DET @ BAL,2023-10-22 17:00:00+00:00,Baltimore Ravens,M&T Bank Stadium,Detroit Lions
Regular Season,2,Week 7,2023-10-18 07:00:00+00:00,2023-10-25 06:59:00+00:00,Pittsburgh Steelers at Los Angeles Rams,PIT @ LAR,2023-10-22 20:05:00+00:00,Los Angeles Rams,Los Angeles Memorial Coliseum,Pittsburgh Steelers
Regular Season,2,Week 7,2023-10-18 07:00:00+00:00,2023-10-25 06:59:00+00:00,Arizona Cardinals at Seattle Seahawks,ARI @ SEA,2023-10-22 20:05:00+00:00,Seattle Seahawks,Lumen Field,Arizona Cardinals
Regular Season,2,Week 7,2023-10-18 07:00:00+00:00,2023-10-25 06:59:00+00:00,Green Bay Packers at Denver Broncos,GB @ DEN,2023-10-22 20:25:00+00:00,Denver Broncos,Empower Field at Mile High,Green Bay Packers
Regular Season,2,Week 7,2023-10-18 07:00:00+00:00,2023-10-25 06:59:00+00:00,Los Angeles Chargers at Kansas City Chiefs,LAC @ KC,2023-10-22 20:25:00+00:00,Kansas City Chiefs,GEHA Field at Arrowhead Stadium,Los Angeles Chargers
Regular Season,2,Week 7,2023-10-18 07:00:00+00:00,2023-10-25 06:59:00+00:00,Miami Dolphins at Philadelphia Eagles,MIA @ PHI,2023-10-23 00:20:00+00:00,Philadelphia Eagles,Lincoln Financial Field,Miami Dolphins
Regular Season,2,Week 7,2023-10-18 07:00:00+00:00,2023-10-25 06:59:00+00:00,San Francisco 49ers at Minnesota Vikings,SF @ MIN,2023-10-24 00:15:00+00:00,Minnesota Vikings,U.S. Bank Stadium,San Francisco 49ers
Regular Season,2,Week 8,2023-10-25 07:00:00+00:00,2023-11-01 06:59:00+00:00,Tampa Bay Buccaneers at Buffalo Bills,TB @ BUF,2023-10-27 00:15:00+00:00,Buffalo Bills,Highmark Stadium,Tampa Bay Buccaneers
Regular Season,2,Week 8,2023-10-25 07:00:00+00:00,2023-11-01 06:59:00+00:00,Los Angeles Rams at Dallas Cowboys,LAR @ DAL,2023-10-29 17:00:00+00:00,Dallas Cowboys,AT&T Stadium,Los Angeles Rams
Regular Season,2,Week 8,2023-10-25 07:00:00+00:00,2023-11-01 06:59:00+00:00,Minnesota Vikings at Green Bay Packers,MIN @ GB,2023-10-29 17:00:00+00:00,Green Bay Packers,Lambeau Field,Minnesota Vikings
Regular Season,2,Week 8,2023-10-25 07:00:00+00:00,2023-11-01 06:59:00+00:00,Atlanta Falcons at Tennessee Titans,ATL @ TEN,2023-10-29 17:00:00+00:00,Tennessee Titans,Nissan Stadium,Atlanta Falcons
Regular Season,2,Week 8,2023-10-25 07:00:00+00:00,2023-11-01 06:59:00+00:00,New Orleans Saints at Indianapolis Colts,NO @ IND,2023-10-29 17:00:00+00:00,Indianapolis Colts,Lucas Oil Stadium,New Orleans Saints
Regular Season,2,Week 8,2023-10-25 07:00:00+00:00,2023-11-01 06:59:00+00:00,New England Patriots at Miami Dolphins,NE @ MIA,2023-10-29 17:00:00+00:00,Miami Dolphins,Hard Rock Stadium,New England Patriots
Regular Season,2,Week 8,2023-10-25 07:00:00+00:00,2023-11-01 06:59:00+00:00,New York Jets at New York Giants,NYJ @ NYG,2023-10-29 17:00:00+00:00,New York Giants,MetLife Stadium,New York Jets
Regular Season,2,Week 8,2023-10-25 07:00:00+00:00,2023-11-01 06:59:00+00:00,Jacksonville Jaguars at Pittsburgh Steelers,JAX @ PIT,2023-10-29 17:00:00+00:00,Pittsburgh Steelers,Acrisure Stadium,Jacksonville Jaguars
Regular Season,2,Week 8,2023-10-25 07:00:00+00:00,2023-11-01 06:59:00+00:00,Philadelphia Eagles at Washington Commanders,PHI @ WSH,2023-10-29 17:00:00+00:00,Washington Commanders,FedExField,Philadelphia Eagles
Regular Season,2,Week 8,2023-10-25 07:00:00+00:00,2023-11-01 06:59:00+00:00,Houston Texans at Carolina Panthers,HOU @ CAR,2023-10-29 17:00:00+00:00,Carolina Panthers,Bank of America Stadium,Houston Texans
Regular Season,2,Week 8,2023-10-25 07:00:00+00:00,2023-11-01 06:59:00+00:00,Cleveland Browns at Seattle Seahawks,CLE @ SEA,2023-10-29 20:05:00+00:00,Seattle Seahawks,Lumen Field,Cleveland Browns
Regular Season,2,Week 8,2023-10-25 07:00:00+00:00,2023-11-01 06:59:00+00:00,Kansas City Chiefs at Denver Broncos,KC @ DEN,2023-10-29 20:25:00+00:00,Denver Broncos,Empower Field at Mile High,Kansas City Chiefs
Regular Season,2,Week 8,2023-10-25 07:00:00+00:00,2023-11-01 06:59:00+00:00,Baltimore Ravens at Arizona Cardinals,BAL @ ARI,2023-10-29 20:25:00+00:00,Arizona Cardinals,State Farm Stadium,Baltimore Ravens
Regular Season,2,Week 8,2023-10-25 07:00:00+00:00,2023-11-01 06:59:00+00:00,Cincinnati Bengals at San Francisco 49ers,CIN @ SF,2023-10-29 20:25:00+00:00,San Francisco 49ers,Levi's Stadium,Cincinnati Bengals
Regular Season,2,Week 8,2023-10-25 07:00:00+00:00,2023-11-01 06:59:00+00:00,Chicago Bears at Los Angeles Chargers,CHI @ LAC,2023-10-30 00:20:00+00:00,Los Angeles Chargers,Dignity Health Sports Park,Chicago Bears
Regular Season,2,Week 8,2023-10-25 07:00:00+00:00,2023-11-01 06:59:00+00:00,Las Vegas Raiders at Detroit Lions,LV @ DET,2023-10-31 00:15:00+00:00,Detroit Lions,Ford Field,Las Vegas Raiders
Regular Season,2,Week 9,2023-11-01 07:00:00+00:00,2023-11-08 07:59:00+00:00,Tennessee Titans at Pittsburgh Steelers,TEN @ PIT,2023-11-03 00:15:00+00:00,Pittsburgh Steelers,Acrisure Stadium,Tennessee Titans
Regular Season,2,Week 9,2023-11-01 07:00:00+00:00,2023-11-08 07:59:00+00:00,Miami Dolphins at Kansas City Chiefs,MIA VS KC,2023-11-05 14:30:00+00:00,Kansas City Chiefs,GEHA Field at Arrowhead Stadium,Miami Dolphins
Regular Season,2,Week 9,2023-11-01 07:00:00+00:00,2023-11-08 07:59:00+00:00,Minnesota Vikings at Atlanta Falcons,MIN @ ATL,2023-11-05 18:00:00+00:00,Atlanta Falcons,Mercedes-Benz Stadium,Minnesota Vikings
Regular Season,2,Week 9,2023-11-01 07:00:00+00:00,2023-11-08 07:59:00+00:00,Arizona Cardinals at Cleveland Browns,ARI @ CLE,2023-11-05 18:00:00+00:00,Cleveland Browns,Cleveland Browns Stadium,Arizona Cardinals
Regular Season,2,Week 9,2023-11-01 07:00:00+00:00,2023-11-08 07:59:00+00:00,Los Angeles Rams at Green Bay Packers,LAR @ GB,2023-11-05 18:00:00+00:00,Green Bay Packers,Lambeau Field,Los Angeles Rams
Regular Season,2,Week 9,2023-11-01 07:00:00+00:00,2023-11-08 07:59:00+00:00,Washington Commanders at New England Patriots,WSH @ NE,2023-11-05 18:00:00+00:00,New England Patriots,Gillette Stadium,Washington Commanders
Regular Season,2,Week 9,2023-11-01 07:00:00+00:00,2023-11-08 07:59:00+00:00,Chicago Bears at New Orleans Saints,CHI @ NO,2023-11-05 18:00:00+00:00,New Orleans Saints,Caesars Superdome,Chicago Bears
Regular Season,2,Week 9,2023-11-01 07:00:00+00:00,2023-11-08 07:59:00+00:00,Seattle Seahawks at Baltimore Ravens,SEA @ BAL,2023-11-05 18:00:00+00:00,Baltimore Ravens,M&T Bank Stadium,Seattle Seahawks
Regular Season,2,Week 9,2023-11-01 07:00:00+00:00,2023-11-08 07:59:00+00:00,Tampa Bay Buccaneers at Houston Texans,TB @ HOU,2023-11-05 18:00:00+00:00,Houston Texans,NRG Stadium,Tampa Bay Buccaneers
Regular Season,2,Week 9,2023-11-01 07:00:00+00:00,2023-11-08 07:59:00+00:00,Indianapolis Colts at Carolina Panthers,IND @ CAR,2023-11-05 21:05:00+00:00,Carolina Panthers,Bank of America Stadium,Indianapolis Colts
Regular Season,2,Week 9,2023-11-01 07:00:00+00:00,2023-11-08 07:59:00+00:00,New York Giants at Las Vegas Raiders,NYG @ LV,2023-11-05 21:25:00+00:00,Las Vegas Raiders,Allegiant Stadium,New York Giants
Regular Season,2,Week 9,2023-11-01 07:00:00+00:00,2023-11-08 07:59:00+00:00,Dallas Cowboys at Philadelphia Eagles,DAL @ PHI,2023-11-05 21:25:00+00:00,Philadelphia Eagles,Lincoln Financial Field,Dallas Cowboys
Regular Season,2,Week 9,2023-11-01 07:00:00+00:00,2023-11-08 07:59:00+00:00,Buffalo Bills at Cincinnati Bengals,BUF @ CIN,2023-11-06 01:20:00+00:00,Cincinnati Bengals,Paycor Stadium,Buffalo Bills
Regular Season,2,Week 9,2023-11-01 07:00:00+00:00,2023-11-08 07:59:00+00:00,Los Angeles Chargers at New York Jets,LAC @ NYJ,2023-11-07 01:15:00+00:00,New York Jets,MetLife Stadium,Los Angeles Chargers
Regular Season,2,Week 10,2023-11-08 08:00:00+00:00,2023-11-15 07:59:00+00:00,Carolina Panthers at Chicago Bears,CAR @ CHI,2023-11-10 01:15:00+00:00,Chicago Bears,Soldier Field,Carolina Panthers
Regular Season,2,Week 10,2023-11-08 08:00:00+00:00,2023-11-15 07:59:00+00:00,Indianapolis Colts at New England Patriots,IND VS NE,2023-11-12 14:30:00+00:00,New England Patriots,Gillette Stadium,Indianapolis Colts
Regular Season,2,Week 10,2023-11-08 08:00:00+00:00,2023-11-15 07:59:00+00:00,Houston Texans at Cincinnati Bengals,HOU @ CIN,2023-11-12 18:00:00+00:00,Cincinnati Bengals,Paycor Stadium,Houston Texans
Regular Season,2,Week 10,2023-11-08 08:00:00+00:00,2023-11-15 07:59:00+00:00,New Orleans Saints at Minnesota Vikings,NO @ MIN,2023-11-12 18:00:00+00:00,Minnesota Vikings,U.S. Bank Stadium,New Orleans Saints
Regular Season,2,Week 10,2023-11-08 08:00:00+00:00,2023-11-15 07:59:00+00:00,Green Bay Packers at Pittsburgh Steelers,GB @ PIT,2023-11-12 18:00:00+00:00,Pittsburgh Steelers,Acrisure Stadium,Green Bay Packers
Regular Season,2,Week 10,2023-11-08 08:00:00+00:00,2023-11-15 07:59:00+00:00,Tennessee Titans at Tampa Bay Buccaneers,TEN @ TB,2023-11-12 18:00:00+00:00,Tampa Bay Buccaneers,Raymond James Stadium,Tennessee Titans
Regular Season,2,Week 10,2023-11-08 08:00:00+00:00,2023-11-15 07:59:00+00:00,San Francisco 49ers at Jacksonville Jaguars,SF @ JAX,2023-11-12 18:00:00+00:00,Jacksonville Jaguars,EverBank Stadium,San Francisco 49ers
Regular Season,2,Week 10,2023-11-08 08:00:00+00:00,2023-11-15 07:59:00+00:00,Cleveland Browns at Baltimore Ravens,CLE @ BAL,2023-11-12 18:00:00+00:00,Baltimore Ravens,M&T Bank Stadium,Cleveland Browns
Regular Season,2,Week 10,2023-11-08 08:00:00+00:00,2023-11-15 07:59:00+00:00,Atlanta Falcons at Arizona Cardinals,ATL @ ARI,2023-11-12 21:05:00+00:00,Arizona Cardinals,State Farm Stadium,Atlanta Falcons
Regular Season,2,Week 10,2023-11-08 08:00:00+00:00,2023-11-15 07:59:00+00:00,Detroit Lions at Los Angeles Chargers,DET @ LAC,2023-11-12 21:05:00+00:00,Los Angeles Chargers,Dignity Health Sports Park,Detroit Lions
Regular Season,2,Week 10,2023-11-08 08:00:00+00:00,2023-11-15 07:59:00+00:00,New York Giants at Dallas Cowboys,NYG @ DAL,2023-11-12 21:25:00+00:00,Dallas Cowboys,AT&T Stadium,New York Giants
Regular Season,2,Week 10,2023-11-08 08:00:00+00:00,2023-11-15 07:59:00+00:00,Washington Commanders at Seattle Seahawks,WSH @ SEA,2023-11-12 21:25:00+00:00,Seattle Seahawks,Lumen Field,Washington Commanders
Regular Season,2,Week 10,2023-11-08 08:00:00+00:00,2023-11-15 07:59:00+00:00,New York Jets at Las Vegas Raiders,NYJ @ LV,2023-11-13 01:20:00+00:00,Las Vegas Raiders,Allegiant Stadium,New York Jets
Regular Season,2,Week 10,2023-11-08 08:00:00+00:00,2023-11-15 07:59:00+00:00,Denver Broncos at Buffalo Bills,DEN @ BUF,2023-11-14 01:15:00+00:00,Buffalo Bills,Highmark Stadium,Denver Broncos
Regular Season,2,Week 11,2023-11-15 08:00:00+00:00,2023-11-22 07:59:00+00:00,Cincinnati Bengals at Baltimore Ravens,CIN @ BAL,2023-11-17 01:15:00+00:00,Baltimore Ravens,M&T Bank Stadium,Cincinnati Bengals
Regular Season,2,Week 11,2023-11-15 08:00:00+00:00,2023-11-22 07:59:00+00:00,Pittsburgh Steelers at Cleveland Browns,PIT @ CLE,2023-11-19 18:00:00+00:00,Cleveland Browns,Cleveland Browns Stadium,Pittsburgh Steelers
Regular Season,2,Week 11,2023-11-15 08:00:00+00:00,2023-11-22 07:59:00+00:00,Chicago Bears at Detroit Lions,CHI @ DET,2023-11-19 18:00:00+00:00,Detroit Lions,Ford Field,Chicago Bears
Regular Season,2,Week 11,2023-11-15 08:00:00+00:00,2023-11-22 07:59:00+00:00,Los Angeles Chargers at Green Bay Packers,LAC @ GB,2023-11-19 18:00:00+00:00,Green Bay Packers,Lambeau Field,Los Angeles Chargers
Regular Season,2,Week 11,2023-11-15 08:00:00+00:00,2023-11-22 07:59:00+00:00,Las Vegas Raiders at Miami Dolphins,LV @ MIA,2023-11-19 18:00:00+00:00,Miami Dolphins,Hard Rock Stadium,Las Vegas Raiders
Regular Season,2,Week 11,2023-11-15 08:00:00+00:00,2023-11-22 07:59:00+00:00,New York Giants at Washington Commanders,NYG @ WSH,2023-11-19 18:00:00+00:00,Washington Commanders,FedExField,New York Giants
Regular Season,2,Week 11,2023-11-15 08:00:00+00:00,2023-11-22 07:59:00+00:00,Dallas Cowboys at Carolina Panthers,DAL @ CAR,2023-11-19 18:00:00+00:00,Carolina Panthers,Bank of America Stadium,Dallas Cowboys
Regular Season,2,Week 11,2023-11-15 08:00:00+00:00,2023-11-22 07:59:00+00:00,Tennessee Titans at Jacksonville Jaguars,TEN @ JAX,2023-11-19 18:00:00+00:00,Jacksonville Jaguars,EverBank Stadium,Tennessee Titans
Regular Season,2,Week 11,2023-11-15 08:00:00+00:00,2023-11-22 07:59:00+00:00,Arizona Cardinals at Houston Texans,ARI @ HOU,2023-11-19 18:00:00+00:00,Houston Texans,NRG Stadium,Arizona Cardinals
Regular Season,2,Week 11,2023-11-15 08:00:00+00:00,2023-11-22 07:59:00+00:00,Tampa Bay Buccaneers at San Francisco 49ers,TB @ SF,2023-11-19 21:05:00+00:00,San Francisco 49ers,Levi's Stadium,Tampa Bay Buccaneers
Regular Season,2,Week 11,2023-11-15 08:00:00+00:00,2023-11-22 07:59:00+00:00,New York Jets at Buffalo Bills,NYJ @ BUF,2023-11-19 21:25:00+00:00,Buffalo Bills,Highmark Stadium,New York Jets
Regular Season,2,Week 11,2023-11-15 08:00:00+00:00,2023-11-22 07:59:00+00:00,Seattle Seahawks at Los Angeles Rams,SEA @ LAR,2023-11-19 21:25:00+00:00,Los Angeles Rams,Los Angeles Memorial Coliseum,Seattle Seahawks
Regular Season,2,Week 11,2023-11-15 08:00:00+00:00,2023-11-22 07:59:00+00:00,Minnesota Vikings at Denver Broncos,MIN @ DEN,2023-11-20 01:20:00+00:00,Denver Broncos,Empower Field at Mile High,Minnesota Vikings
Regular Season,2,Week 11,2023-11-15 08:00:00+00:00,2023-11-22 07:59:00+00:00,Philadelphia Eagles at Kansas City Chiefs,PHI @ KC,2023-11-21 01:15:00+00:00,Kansas City Chiefs,GEHA Field at Arrowhead Stadium,Philadelphia Eagles
Regular Season,2,Week 12,2023-11-22 08:00:00+00:00,2023-11-29 07:59:00+00:00,Green Bay Packers at Detroit Lions,GB @ DET,2023-11-23 17:30:00+00:00,Detroit Lions,Ford Field,Green Bay Packers
Regular Season,2,Week 12,2023-11-22 08:00:00+00:00,2023-11-29 07:59:00+00:00,Washington Commanders at Dallas Cowboys,WSH @ DAL,2023-11-23 21:30:00+00:00,Dallas Cowboys,AT&T Stadium,Washington Commanders
Regular Season,2,Week 12,2023-11-22 08:00:00+00:00,2023-11-29 07:59:00+00:00,San Francisco 49ers at Seattle Seahawks,SF @ SEA,2023-11-24 01:20:00+00:00,Seattle Seahawks,Lumen Field,San Francisco 49ers
Regular Season,2,Week 12,2023-11-22 08:00:00+00:00,2023-11-29 07:59:00+00:00,Miami Dolphins at New York Jets,MIA @ NYJ,2023-11-24 20:00:00+00:00,New York Jets,MetLife Stadium,Miami Dolphins
Regular Season,2,Week 12,2023-11-22 08:00:00+00:00,2023-11-29 07:59:00+00:00,New Orleans Saints at Atlanta Falcons,NO @ ATL,2023-11-26 18:00:00+00:00,Atlanta Falcons,Mercedes-Benz Stadium,New Orleans Saints
Regular Season,2,Week 12,2023-11-22 08:00:00+00:00,2023-11-29 07:59:00+00:00,Pittsburgh Steelers at Cincinnati Bengals,PIT @ CIN,2023-11-26 18:00:00+00:00,Cincinnati Bengals,Paycor Stadium,Pittsburgh Steelers
Regular Season,2,Week 12,2023-11-22 08:00:00+00:00,2023-11-29 07:59:00+00:00,Carolina Panthers at Tennessee Titans,CAR @ TEN,2023-11-26 18:00:00+00:00,Tennessee Titans,Nissan Stadium,Carolina Panthers
Regular Season,2,Week 12,2023-11-22 08:00:00+00:00,2023-11-29 07:59:00+00:00,Tampa Bay Buccaneers at Indianapolis Colts,TB @ IND,2023-11-26 18:00:00+00:00,Indianapolis Colts,Lucas Oil Stadium,Tampa Bay Buccaneers
Regular Season,2,Week 12,2023-11-22 08:00:00+00:00,2023-11-29 07:59:00+00:00,New England Patriots at New York Giants,NE @ NYG,2023-11-26 18:00:00+00:00,New York Giants,MetLife Stadium,New England Patriots
Regular Season,2,Week 12,2023-11-22 08:00:00+00:00,2023-11-29 07:59:00+00:00,Jacksonville Jaguars at Houston Texans,JAX @ HOU,2023-11-26 18:00:00+00:00,Houston Texans,NRG Stadium,Jacksonville Jaguars
Regular Season,2,Week 12,2023-11-22 08:00:00+00:00,2023-11-29 07:59:00+00:00,Cleveland Browns at Denver Broncos,CLE @ DEN,2023-11-26 21:05:00+00:00,Denver Broncos,Empower Field at Mile High,Cleveland Browns
Regular Season,2,Week 12,2023-11-22 08:00:00+00:00,2023-11-29 07:59:00+00:00,Los Angeles Rams at Arizona Cardinals,LAR @ ARI,2023-11-26 21:05:00+00:00,Arizona Cardinals,State Farm Stadium,Los Angeles Rams
Regular Season,2,Week 12,2023-11-22 08:00:00+00:00,2023-11-29 07:59:00+00:00,Kansas City Chiefs at Las Vegas Raiders,KC @ LV,2023-11-26 21:25:00+00:00,Las Vegas Raiders,Allegiant Stadium,Kansas City Chiefs
Regular Season,2,Week 12,2023-11-22 08:00:00+00:00,2023-11-29 07:59:00+00:00,Buffalo Bills at Philadelphia Eagles,BUF @ PHI,2023-11-26 21:25:00+00:00,Philadelphia Eagles,Lincoln Financial Field,Buffalo Bills
Regular Season,2,Week 12,2023-11-22 08:00:00+00:00,2023-11-29 07:59:00+00:00,Baltimore Ravens at Los Angeles Chargers,BAL @ LAC,2023-11-27 01:20:00+00:00,Los Angeles Chargers,Dignity Health Sports Park,Baltimore Ravens
Regular Season,2,Week 12,2023-11-22 08:00:00+00:00,2023-11-29 07:59:00+00:00,Chicago Bears at Minnesota Vikings,CHI @ MIN,2023-11-28 01:15:00+00:00,Minnesota Vikings,U.S. Bank Stadium,Chicago Bears
Regular Season,2,Week 13,2023-11-29 08:00:00+00:00,2023-12-06 07:59:00+00:00,Seattle Seahawks at Dallas Cowboys,SEA @ DAL,2023-12-01 01:15:00+00:00,Dallas Cowboys,AT&T Stadium,Seattle Seahawks
Regular Season,2,Week 13,2023-11-29 08:00:00+00:00,2023-12-06 07:59:00+00:00,Indianapolis Colts at Tennessee Titans,IND @ TEN,2023-12-03 18:00:00+00:00,Tennessee Titans,Nissan Stadium,Indianapolis Colts
Regular Season,2,Week 13,2023-11-29 08:00:00+00:00,2023-12-06 07:59:00+00:00,Los Angeles Chargers at New England Patriots,LAC @ NE,2023-12-03 18:00:00+00:00,New England Patriots,Gillette Stadium,Los Angeles Chargers
Regular Season,2,Week 13,2023-11-29 08:00:00+00:00,2023-12-06 07:59:00+00:00,Detroit Lions at New Orleans Saints,DET @ NO,2023-12-03 18:00:00+00:00,New Orleans Saints,Caesars Superdome,Detroit Lions
Regular Season,2,Week 13,2023-11-29 08:00:00+00:00,2023-12-06 07:59:00+00:00,Atlanta Falcons at New York Jets,ATL @ NYJ,2023-12-03 18:00:00+00:00,New York Jets,MetLife Stadium,Atlanta Falcons
Regular Season,2,Week 13,2023-11-29 08:00:00+00:00,2023-12-06 07:59:00+00:00,Arizona Cardinals at Pittsburgh Steelers,ARI @ PIT,2023-12-03 18:00:00+00:00,Pittsburgh Steelers,Acrisure Stadium,Arizona Cardinals
Regular Season,2,Week 13,2023-11-29 08:00:00+00:00,2023-12-06 07:59:00+00:00,Miami Dolphins at Washington Commanders,MIA @ WSH,2023-12-03 18:00:00+00:00,Washington Commanders,FedExField,Miami Dolphins
Regular Season,2,Week 13,2023-11-29 08:00:00+00:00,2023-12-06 07:59:00+00:00,Denver Broncos at Houston Texans,DEN @ HOU,2023-12-03 18:00:00+00:00,Houston Texans,NRG Stadium,Denver Broncos
Regular Season,2,Week 13,2023-11-29 08:00:00+00:00,2023-12-06 07:59:00+00:00,Carolina Panthers at Tampa Bay Buccaneers,CAR @ TB,2023-12-03 21:05:00+00:00,Tampa Bay Buccaneers,Raymond James Stadium,Carolina Panthers
Regular Season,2,Week 13,2023-11-29 08:00:00+00:00,2023-12-06 07:59:00+00:00,Cleveland Browns at Los Angeles Rams,CLE @ LAR,2023-12-03 21:25:00+00:00,Los Angeles Rams,Los Angeles Memorial Coliseum,Cleveland Browns
Regular Season,2,Week 13,2023-11-29 08:00:00+00:00,2023-12-06 07:59:00+00:00,San Francisco 49ers at Philadelphia Eagles,SF @ PHI,2023-12-03 21:25:00+00:00,Philadelphia Eagles,Lincoln Financial Field,San Francisco 49ers
Regular Season,2,Week 13,2023-11-29 08:00:00+00:00,2023-12-06 07:59:00+00:00,Kansas City Chiefs at Green Bay Packers,KC @ GB,2023-12-04 01:20:00+00:00,Green Bay Packers,Lambeau Field,Kansas City Chiefs
Regular Season,2,Week 13,2023-11-29 08:00:00+00:00,2023-12-06 07:59:00+00:00,Cincinnati Bengals at Jacksonville Jaguars,CIN @ JAX,2023-12-05 01:15:00+00:00,Jacksonville Jaguars,EverBank Stadium,Cincinnati Bengals
Regular Season,2,Week 14,2023-12-06 08:00:00+00:00,2023-12-13 07:59:00+00:00,New England Patriots at Pittsburgh Steelers,NE @ PIT,2023-12-08 01:15:00+00:00,Pittsburgh Steelers,Acrisure Stadium,New England Patriots
Regular Season,2,Week 14,2023-12-06 08:00:00+00:00,2023-12-13 07:59:00+00:00,Tampa Bay Buccaneers at Atlanta Falcons,TB @ ATL,2023-12-10 18:00:00+00:00,Atlanta Falcons,Mercedes-Benz Stadium,Tampa Bay Buccaneers
Regular Season,2,Week 14,2023-12-06 08:00:00+00:00,2023-12-13 07:59:00+00:00,Detroit Lions at Chicago Bears,DET @ CHI,2023-12-10 18:00:00+00:00,Chicago Bears,Soldier Field,Detroit Lions
Regular Season,2,Week 14,2023-12-06 08:00:00+00:00,2023-12-13 07:59:00+00:00,Indianapolis Colts at Cincinnati Bengals,IND @ CIN,2023-12-10 18:00:00+00:00,Cincinnati Bengals,Paycor Stadium,Indianapolis Colts
Regular Season,2,Week 14,2023-12-06 08:00:00+00:00,2023-12-13 07:59:00+00:00,Jacksonville Jaguars at Cleveland Browns,JAX @ CLE,2023-12-10 18:00:00+00:00,Cleveland Browns,Cleveland Browns Stadium,Jacksonville Jaguars
Regular Season,2,Week 14,2023-12-06 08:00:00+00:00,2023-12-13 07:59:00+00:00,Carolina Panthers at New Orleans Saints,CAR @ NO,2023-12-10 18:00:00+00:00,New Orleans Saints,Caesars Superdome,Carolina Panthers
Regular Season,2,Week 14,2023-12-06 08:00:00+00:00,2023-12-13 07:59:00+00:00,Houston Texans at New York Jets,HOU @ NYJ,2023-12-10 18:00:00+00:00,New York Jets,MetLife Stadium,Houston Texans
Regular Season,2,Week 14,2023-12-06 08:00:00+00:00,2023-12-13 07:59:00+00:00,Los Angeles Rams at Baltimore Ravens,LAR @ BAL,2023-12-10 18:00:00+00:00,Baltimore Ravens,M&T Bank Stadium,Los Angeles Rams
Regular Season,2,Week 14,2023-12-06 08:00:00+00:00,2023-12-13 07:59:00+00:00,Minnesota Vikings at Las Vegas Raiders,MIN @ LV,2023-12-10 21:05:00+00:00,Las Vegas Raiders,Allegiant Stadium,Minnesota Vikings
Regular Season,2,Week 14,2023-12-06 08:00:00+00:00,2023-12-13 07:59:00+00:00,Seattle Seahawks at San Francisco 49ers,SEA @ SF,2023-12-10 21:05:00+00:00,San Francisco 49ers,Levi's Stadium,Seattle Seahawks
Regular Season,2,Week 14,2023-12-06 08:00:00+00:00,2023-12-13 07:59:00+00:00,Buffalo Bills at Kansas City Chiefs,BUF @ KC,2023-12-10 21:25:00+00:00,Kansas City Chiefs,GEHA Field at Arrowhead Stadium,Buffalo Bills
Regular Season,2,Week 14,2023-12-06 08:00:00+00:00,2023-12-13 07:59:00+00:00,Denver Broncos at Los Angeles Chargers,DEN @ LAC,2023-12-10 21:25:00+00:00,Los Angeles Chargers,Dignity Health Sports Park,Denver Broncos
Regular Season,2,Week 14,2023-12-06 08:00:00+00:00,2023-12-13 07:59:00+00:00,Philadelphia Eagles at Dallas Cowboys,PHI @ DAL,2023-12-11 01:20:00+00:00,Dallas Cowboys,AT&T Stadium,Philadelphia Eagles
Regular Season,2,Week 14,2023-12-06 08:00:00+00:00,2023-12-13 07:59:00+00:00,Tennessee Titans at Miami Dolphins,TEN @ MIA,2023-12-12 01:15:00+00:00,Miami Dolphins,Hard Rock Stadium,Tennessee Titans
Regular Season,2,Week 14,2023-12-06 08:00:00+00:00,2023-12-13 07:59:00+00:00,Green Bay Packers at New York Giants,GB @ NYG,2023-12-12 01:15:00+00:00,New York Giants,MetLife Stadium,Green Bay Packers
Regular Season,2,Week 15,2023-12-13 08:00:00+00:00,2023-12-20 07:59:00+00:00,Los Angeles Chargers at Las Vegas Raiders,LAC @ LV,2023-12-15 01:15:00+00:00,Las Vegas Raiders,Allegiant Stadium,Los Angeles Chargers
Regular Season,2,Week 15,2023-12-13 08:00:00+00:00,2023-12-20 07:59:00+00:00,Minnesota Vikings at Cincinnati Bengals,MIN @ CIN,2023-12-16 18:00:00+00:00,Cincinnati Bengals,Paycor Stadium,Minnesota Vikings
Regular Season,2,Week 15,2023-12-13 08:00:00+00:00,2023-12-20 07:59:00+00:00,Pittsburgh Steelers at Indianapolis Colts,PIT @ IND,2023-12-16 21:30:00+00:00,Indianapolis Colts,Lucas Oil Stadium,Pittsburgh Steelers
Regular Season,2,Week 15,2023-12-13 08:00:00+00:00,2023-12-20 07:59:00+00:00,Denver Broncos at Detroit Lions,DEN @ DET,2023-12-17 01:15:00+00:00,Detroit Lions,Ford Field,Denver Broncos
Regular Season,2,Week 15,2023-12-13 08:00:00+00:00,2023-12-20 07:59:00+00:00,Chicago Bears at Cleveland Browns,CHI @ CLE,2023-12-17 18:00:00+00:00,Cleveland Browns,Cleveland Browns Stadium,Chicago Bears
Regular Season,2,Week 15,2023-12-13 08:00:00+00:00,2023-12-20 07:59:00+00:00,Tampa Bay Buccaneers at Green Bay Packers,TB @ GB,2023-12-17 18:00:00+00:00,Green Bay Packers,Lambeau Field,Tampa Bay Buccaneers
Regular Season,2,Week 15,2023-12-13 08:00:00+00:00,2023-12-20 07:59:00+00:00,Houston Texans at Tennessee Titans,HOU @ TEN,2023-12-17 18:00:00+00:00,Tennessee Titans,Nissan Stadium,Houston Texans
Regular Season,2,Week 15,2023-12-13 08:00:00+00:00,2023-12-20 07:59:00+00:00,New York Jets at Miami Dolphins,NYJ @ MIA,2023-12-17 18:00:00+00:00,Miami Dolphins,Hard Rock Stadium,New York Jets
Regular Season,2,Week 15,2023-12-13 08:00:00+00:00,2023-12-20 07:59:00+00:00,Kansas City Chiefs at New England Patriots,KC @ NE,2023-12-17 18:00:00+00:00,New England Patriots,Gillette Stadium,Kansas City Chiefs
Regular Season,2,Week 15,2023-12-13 08:00:00+00:00,2023-12-20 07:59:00+00:00,New York Giants at New Orleans Saints,NYG @ NO,2023-12-17 18:00:00+00:00,New Orleans Saints,Caesars Superdome,New York Giants
Regular Season,2,Week 15,2023-12-13 08:00:00+00:00,2023-12-20 07:59:00+00:00,Atlanta Falcons at Carolina Panthers,ATL @ CAR,2023-12-17 18:00:00+00:00,Carolina Panthers,Bank of America Stadium,Atlanta Falcons
Regular Season,2,Week 15,2023-12-13 08:00:00+00:00,2023-12-20 07:59:00+00:00,Washington Commanders at Los Angeles Rams,WSH @ LAR,2023-12-17 21:05:00+00:00,Los Angeles Rams,Los Angeles Memorial Coliseum,Washington Commanders
Regular Season,2,Week 15,2023-12-13 08:00:00+00:00,2023-12-20 07:59:00+00:00,San Francisco 49ers at Arizona Cardinals,SF @ ARI,2023-12-17 21:05:00+00:00,Arizona Cardinals,State Farm Stadium,San Francisco 49ers
Regular Season,2,Week 15,2023-12-13 08:00:00+00:00,2023-12-20 07:59:00+00:00,Dallas Cowboys at Buffalo Bills,DAL @ BUF,2023-12-17 21:25:00+00:00,Buffalo Bills,Highmark Stadium,Dallas Cowboys
Regular Season,2,Week 15,2023-12-13 08:00:00+00:00,2023-12-20 07:59:00+00:00,Baltimore Ravens at Jacksonville Jaguars,BAL @ JAX,2023-12-18 01:20:00+00:00,Jacksonville Jaguars,EverBank Stadium,Baltimore Ravens
Regular Season,2,Week 15,2023-12-13 08:00:00+00:00,2023-12-20 07:59:00+00:00,Philadelphia Eagles at Seattle Seahawks,PHI @ SEA,2023-12-19 01:15:00+00:00,Seattle Seahawks,Lumen Field,Philadelphia Eagles
Regular Season,2,Week 16,2023-12-20 08:00:00+00:00,2023-12-27 07:59:00+00:00,New Orleans Saints at Los Angeles Rams,NO @ LAR,2023-12-22 01:15:00+00:00,Los Angeles Rams,Los Angeles Memorial Coliseum,New Orleans Saints
Regular Season,2,Week 16,2023-12-20 08:00:00+00:00,2023-12-27 07:59:00+00:00,Cincinnati Bengals at Pittsburgh Steelers,CIN @ PIT,2023-12-23 21:30:00+00:00,Pittsburgh Steelers,Acrisure Stadium,Cincinnati Bengals
Regular Season,2,Week 16,2023-12-20 08:00:00+00:00,2023-12-27 07:59:00+00:00,Buffalo Bills at Los Angeles Chargers,BUF @ LAC,2023-12-24 01:00:00+00:00,Los Angeles Chargers,Dignity Health Sports Park,Buffalo Bills
Regular Season,2,Week 16,2023-12-20 08:00:00+00:00,2023-12-27 07:59:00+00:00,Indianapolis Colts at Atlanta Falcons,IND @ ATL,2023-12-24 18:00:00+00:00,Atlanta Falcons,Mercedes-Benz Stadium,Indianapolis Colts
Regular Season,2,Week 16,2023-12-20 08:00:00+00:00,2023-12-27 07:59:00+00:00,Seattle Seahawks at Tennessee Titans,SEA @ TEN,2023-12-24 18:00:00+00:00,Tennessee Titans,Nissan Stadium,Seattle Seahawks
Regular Season,2,Week 16,2023-12-20 08:00:00+00:00,2023-12-27 07:59:00+00:00,Detroit Lions at Minnesota Vikings,DET @ MIN,2023-12-24 18:00:00+00:00,Minnesota Vikings,U.S. Bank Stadium,Detroit Lions
Regular Season,2,Week 16,2023-12-20 08:00:00+00:00,2023-12-27 07:59:00+00:00,Washington Commanders at New York Jets,WSH @ NYJ,2023-12-24 18:00:00+00:00,New York Jets,MetLife Stadium,Washington Commanders
Regular Season,2,Week 16,2023-12-20 08:00:00+00:00,2023-12-27 07:59:00+00:00,Green Bay Packers at Carolina Panthers,GB @ CAR,2023-12-24 18:00:00+00:00,Carolina Panthers,Bank of America Stadium,Green Bay Packers
Regular Season,2,Week 16,2023-12-20 08:00:00+00:00,2023-12-27 07:59:00+00:00,Cleveland Browns at Houston Texans,CLE @ HOU,2023-12-24 18:00:00+00:00,Houston Texans,NRG Stadium,Cleveland Browns
Regular Season,2,Week 16,2023-12-20 08:00:00+00:00,2023-12-27 07:59:00+00:00,Jacksonville Jaguars at Tampa Bay Buccaneers,JAX @ TB,2023-12-24 21:05:00+00:00,Tampa Bay Buccaneers,Raymond James Stadium,Jacksonville Jaguars
Regular Season,2,Week 16,2023-12-20 08:00:00+00:00,2023-12-27 07:59:00+00:00,Arizona Cardinals at Chicago Bears,ARI @ CHI,2023-12-24 21:25:00+00:00,Chicago Bears,Soldier Field,Arizona Cardinals
Regular Season,2,Week 16,2023-12-20 08:00:00+00:00,2023-12-27 07:59:00+00:00,Dallas Cowboys at Miami Dolphins,DAL @ MIA,2023-12-24 21:25:00+00:00,Miami Dolphins,Hard Rock Stadium,Dallas Cowboys
Regular Season,2,Week 16,2023-12-20 08:00:00+00:00,2023-12-27 07:59:00+00:00,New England Patriots at Denver Broncos,NE @ DEN,2023-12-25 01:15:00+00:00,Denver Broncos,Empower Field at Mile High,New England Patriots
Regular Season,2,Week 16,2023-12-20 08:00:00+00:00,2023-12-27 07:59:00+00:00,Las Vegas Raiders at Kansas City Chiefs,LV @ KC,2023-12-25 18:00:00+00:00,Kansas City Chiefs,GEHA Field at Arrowhead Stadium,Las Vegas Raiders
Regular Season,2,Week 16,2023-12-20 08:00:00+00:00,2023-12-27 07:59:00+00:00,New York Giants at Philadelphia Eagles,NYG @ PHI,2023-12-25 21:30:00+00:00,Philadelphia Eagles,Lincoln Financial Field,New York Giants
Regular Season,2,Week 16,2023-12-20 08:00:00+00:00,2023-12-27 07:59:00+00:00,Baltimore Ravens at San Francisco 49ers,BAL @ SF,2023-12-26 01:15:00+00:00,San Francisco 49ers,Levi's Stadium,Baltimore Ravens
Regular Season,2,Week 17,2023-12-27 08:00:00+00:00,2024-01-03 07:59:00+00:00,New York Jets at Cleveland Browns,NYJ @ CLE,2023-12-29 01:15:00+00:00,Cleveland Browns,Cleveland Browns Stadium,New York Jets
Regular Season,2,Week 17,2023-12-27 08:00:00+00:00,2024-01-03 07:59:00+00:00,Detroit Lions at Dallas Cowboys,DET @ DAL,2023-12-31 01:15:00+00:00,Dallas Cowboys,AT&T Stadium,Detroit Lions
Regular Season,2,Week 17,2023-12-27 08:00:00+00:00,2024-01-03 07:59:00+00:00,New England Patriots at Buffalo Bills,NE @ BUF,2023-12-31 18:00:00+00:00,Buffalo Bills,Highmark Stadium,New England Patriots
Regular Season,2,Week 17,2023-12-27 08:00:00+00:00,2024-01-03 07:59:00+00:00,Atlanta Falcons at Chicago Bears,ATL @ CHI,2023-12-31 18:00:00+00:00,Chicago Bears,Soldier Field,Atlanta Falcons
Regular Season,2,Week 17,2023-12-27 08:00:00+00:00,2024-01-03 07:59:00+00:00,Las Vegas Raiders at Indianapolis Colts,LV @ IND,2023-12-31 18:00:00+00:00,Indianapolis Colts,Lucas Oil Stadium,Las Vegas Raiders
Regular Season,2,Week 17,2023-12-27 08:00:00+00:00,2024-01-03 07:59:00+00:00,Los Angeles Rams at New York Giants,LAR @ NYG,2023-12-31 18:00:00+00:00,New York Giants,MetLife Stadium,Los Angeles Rams
Regular Season,2,Week 17,2023-12-27 08:00:00+00:00,2024-01-03 07:59:00+00:00,Arizona Cardinals at Philadelphia Eagles,ARI @ PHI,2023-12-31 18:00:00+00:00,Philadelphia Eagles,Lincoln Financial Field,Arizona Cardinals
Regular Season,2,Week 17,2023-12-27 08:00:00+00:00,2024-01-03 07:59:00+00:00,New Orleans Saints at Tampa Bay Buccaneers,NO @ TB,2023-12-31 18:00:00+00:00,Tampa Bay Buccaneers,Raymond James Stadium,New Orleans Saints
Regular Season,2,Week 17,2023-12-27 08:00:00+00:00,2024-01-03 07:59:00+00:00,San Francisco 49ers at Washington Commanders,SF @ WSH,2023-12-31 18:00:00+00:00,Washington Commanders,FedExField,San Francisco 49ers
Regular Season,2,Week 17,2023-12-27 08:00:00+00:00,2024-01-03 07:59:00+00:00,Carolina Panthers at Jacksonville Jaguars,CAR @ JAX,2023-12-31 18:00:00+00:00,Jacksonville Jaguars,EverBank Stadium,Carolina Panthers
Regular Season,2,Week 17,2023-12-27 08:00:00+00:00,2024-01-03 07:59:00+00:00,Miami Dolphins at Baltimore Ravens,MIA @ BAL,2023-12-31 18:00:00+00:00,Baltimore Ravens,M&T Bank Stadium,Miami Dolphins
Regular Season,2,Week 17,2023-12-27 08:00:00+00:00,2024-01-03 07:59:00+00:00,Tennessee Titans at Houston Texans,TEN @ HOU,2023-12-31 18:00:00+00:00,Houston Texans,NRG Stadium,Tennessee Titans
Regular Season,2,Week 17,2023-12-27 08:00:00+00:00,2024-01-03 07:59:00+00:00,Pittsburgh Steelers at Seattle Seahawks,PIT @ SEA,2023-12-31 21:05:00+00:00,Seattle Seahawks,Lumen Field,Pittsburgh Steelers
Regular Season,2,Week 17,2023-12-27 08:00:00+00:00,2024-01-03 07:59:00+00:00,Los Angeles Chargers at Denver Broncos,LAC @ DEN,2023-12-31 21:25:00+00:00,Denver Broncos,Empower Field at Mile High,Los Angeles Chargers
Regular Season,2,Week 17,2023-12-27 08:00:00+00:00,2024-01-03 07:59:00+00:00,Cincinnati Bengals at Kansas City Chiefs,CIN @ KC,2023-12-31 21:25:00+00:00,Kansas City Chiefs,GEHA Field at Arrowhead Stadium,Cincinnati Bengals
Regular Season,2,Week 17,2023-12-27 08:00:00+00:00,2024-01-03 07:59:00+00:00,Green Bay Packers at Minnesota Vikings,GB @ MIN,2024-01-01 01:20:00+00:00,Minnesota Vikings,U.S. Bank Stadium,Green Bay Packers
Regular Season,2,Week 18,2024-01-03 08:00:00+00:00,2024-01-13 07:59:00+00:00,Houston Texans at Indianapolis Colts,HOU @ IND,2024-01-07 01:15:00+00:00,Indianapolis Colts,Lucas Oil Stadium,Houston Texans
Regular Season,2,Week 18,2024-01-03 08:00:00+00:00,2024-01-13 07:59:00+00:00,Pittsburgh Steelers at Baltimore Ravens,PIT @ BAL,2024-01-06 21:30:00+00:00,Baltimore Ravens,M&T Bank Stadium,Pittsburgh Steelers
Regular Season,2,Week 18,2024-01-03 08:00:00+00:00,2024-01-13 07:59:00+00:00,Cleveland Browns at Cincinnati Bengals,CLE @ CIN,2024-01-07 18:00:00+00:00,Cincinnati Bengals,Paycor Stadium,Cleveland Browns
Regular Season,2,Week 18,2024-01-03 08:00:00+00:00,2024-01-13 07:59:00+00:00,Minnesota Vikings at Detroit Lions,MIN @ DET,2024-01-07 18:00:00+00:00,Detroit Lions,Ford Field,Minnesota Vikings
Regular Season,2,Week 18,2024-01-03 08:00:00+00:00,2024-01-13 07:59:00+00:00,Jacksonville Jaguars at Tennessee Titans,JAX @ TEN,2024-01-07 18:00:00+00:00,Tennessee Titans,Nissan Stadium,Jacksonville Jaguars
Regular Season,2,Week 18,2024-01-03 08:00:00+00:00,2024-01-13 07:59:00+00:00,New York Jets at New England Patriots,NYJ @ NE,2024-01-07 18:00:00+00:00,New England Patriots,Gillette Stadium,New York Jets
Regular Season,2,Week 18,2024-01-03 08:00:00+00:00,2024-01-13 07:59:00+00:00,Atlanta Falcons at New Orleans Saints,ATL @ NO,2024-01-07 18:00:00+00:00,New Orleans Saints,Caesars Superdome,Atlanta Falcons
Regular Season,2,Week 18,2024-01-03 08:00:00+00:00,2024-01-13 07:59:00+00:00,Tampa Bay Buccaneers at Carolina Panthers,TB @ CAR,2024-01-07 18:00:00+00:00,Carolina Panthers,Bank of America Stadium,Tampa Bay Buccaneers
Regular Season,2,Week 18,2024-01-03 08:00:00+00:00,2024-01-13 07:59:00+00:00,Chicago Bears at Green Bay Packers,CHI @ GB,2024-01-07 21:25:00+00:00,Green Bay Packers,Lambeau Field,Chicago Bears
Regular Season,2,Week 18,2024-01-03 08:00:00+00:00,2024-01-13 07:59:00+00:00,Denver Broncos at Las Vegas Raiders,DEN @ LV,2024-01-07 21:25:00+00:00,Las Vegas Raiders,Allegiant Stadium,Denver Broncos
Regular Season,2,Week 18,2024-01-03 08:00:00+00:00,2024-01-13 07:59:00+00:00,Philadelphia Eagles at New York Giants,PHI @ NYG,2024-01-07 21:25:00+00:00,New York Giants,MetLife Stadium,Philadelphia Eagles
Regular Season,2,Week 18,2024-01-03 08:00:00+00:00,2024-01-13 07:59:00+00:00,Seattle Seahawks at Arizona Cardinals,SEA @ ARI,2024-01-07 21:25:00+00:00,Arizona Cardinals,State Farm Stadium,Seattle Seahawks
Regular Season,2,Week 18,2024-01-03 08:00:00+00:00,2024-01-13 07:59:00+00:00,Kansas City Chiefs at Los Angeles Chargers,KC @ LAC,2024-01-07 21:25:00+00:00,Los Angeles Chargers,Dignity Health Sports Park,Kansas City Chiefs
Regular Season,2,Week 18,2024-01-03 08:00:00+00:00,2024-01-13 07:59:00+00:00,Los Angeles Rams at San Francisco 49ers,LAR @ SF,2024-01-07 21:25:00+00:00,San Francisco 49ers,Levi's Stadium,Los Angeles Rams
Regular Season,2,Week 18,2024-01-03 08:00:00+00:00,2024-01-13 07:59:00+00:00,Dallas Cowboys at Washington Commanders,DAL @ WSH,2024-01-07 21:25:00+00:00,Washington Commanders,FedExField,Dallas Cowboys
Regular Season,2,Week 18,2024-01-03 08:00:00+00:00,2024-01-13 07:59:00+00:00,Buffalo Bills at Miami Dolphins,BUF @ MIA,2024-01-08 01:20:00+00:00,Miami Dolphins,Hard Rock Stadium,Buffalo Bills
Postseason,3,Wild Card,2024-01-13 08:00:00+00:00,2024-01-17 07:59:00+00:00,TBD TBD at TBD TBD,TBD @ TBD,2024-01-13 05:00:00+00:00,,,
Postseason,3,Wild Card,2024-01-13 08:00:00+00:00,2024-01-17 07:59:00+00:00,TBD TBD at TBD TBD,TBD @ TBD,2024-01-13 21:30:00+00:00,,,
Postseason,3,Wild Card,2024-01-13 08:00:00+00:00,2024-01-17 07:59:00+00:00,TBD TBD at TBD TBD,TBD @ TBD,2024-01-14 05:00:00+00:00,,,
Postseason,3,Wild Card,2024-01-13 08:00:00+00:00,2024-01-17 07:59:00+00:00,TBD TBD at TBD TBD,TBD @ TBD,2024-01-14 05:00:00+00:00,,,
Postseason,3,Wild Card,2024-01-13 08:00:00+00:00,2024-01-17 07:59:00+00:00,TBD TBD at TBD TBD,TBD @ TBD,2024-01-14 05:00:00+00:00,,,
Postseason,3,Wild Card,2024-01-13 08:00:00+00:00,2024-01-17 07:59:00+00:00,TBD TBD at TBD TBD,TBD @ TBD,2024-01-16 01:15:00+00:00,,,
Postseason,3,Divisional Round,2024-01-17 08:00:00+00:00,2024-01-24 07:59:00+00:00,TBD TBD at TBD TBD,TBD @ TBD,2024-01-20 05:00:00+00:00,,,
Postseason,3,Divisional Round,2024-01-17 08:00:00+00:00,2024-01-24 07:59:00+00:00,TBD TBD at TBD TBD,TBD @ TBD,2024-01-20 05:00:00+00:00,,,
Postseason,3,Divisional Round,2024-01-17 08:00:00+00:00,2024-01-24 07:59:00+00:00,TBD TBD at TBD TBD,TBD @ TBD,2024-01-21 05:00:00+00:00,,,
Postseason,3,Divisional Round,2024-01-17 08:00:00+00:00,2024-01-24 07:59:00+00:00,TBD TBD at TBD TBD,TBD @ TBD,2024-01-21 05:00:00+00:00,,,
Postseason,3,Conference Championship,2024-01-24 08:00:00+00:00,2024-01-31 07:59:00+00:00,TBD TBD at TBD TBD,TBD @ TBD,2024-01-28 05:00:00+00:00,,,
Postseason,3,Conference Championship,2024-01-24 08:00:00+00:00,2024-01-31 07:59:00+00:00,TBD TBD at TBD TBD,TBD @ TBD,2024-01-28 05:00:00+00:00,,,
Postseason,3,Super Bowl,2024-02-07 08:00:00+00:00,2024-02-15 07:59:00+00:00,TBD TBD at TBD TBD,TBD VS TBD,2024-02-11 05:00:00+00:00,,,
